epoch,learning_rate,train_loss,train_accuracy,train_count,train_seconds,validation_loss,validation_accuracy,validation_count,validation_seconds,peak_gpu_mib,next_learning_rate,checkpoint_seconds
1,0.1,1.8928697219467163,0.30188,50000,165.31050033704378,,,0,0,5547.80078125,0.09999383162408304,0.5032152191270143
2,0.09999383162408304,1.4463108751678466,0.48116,50000,124.8527601279784,,,0,0,3348.8359375,0.09997532801828658,0.4913152491208166
3,0.09997532801828658,1.2520669492340089,0.55484,50000,124.91751155303791,,,0,0,3347.9638671875,0.09994449374809851,0.9513421910814941
4,0.09994449374809851,1.125989649848938,0.60308,50000,124.90474995411932,,,0,0,3347.9638671875,0.09990133642141359,0.9655650940258056
5,0.09990133642141359,1.0434572546768188,0.6329,50000,124.68223585607484,,,0,0,3347.9638671875,0.09984586668665642,0.4954033649992198
6,0.09984586668665642,0.9759886186218262,0.65886,50000,124.82401167601347,,,0,0,3347.9638671875,0.09977809823015402,0.48323121992871165
7,0.09977809823015402,0.9342545613098144,0.67108,50000,124.69736582506448,,,0,0,3347.9638671875,0.09969804777275901,0.4588290969841182
8,0.09969804777275901,0.9087665564155578,0.68416,50000,124.70352596882731,,,0,0,3347.9638671875,0.09960573506572391,0.9291160178836435
9,0.09960573506572391,0.8780197082901001,0.69486,50000,124.58404197287746,,,0,0,3347.9638671875,0.09950118288582789,0.9410836100578308
10,0.09950118288582789,0.8546285507202148,0.7003,50000,124.46578217716888,,,0,0,3347.9638671875,0.09938441702975691,0.5031641758978367
11,0.09938441702975691,0.8342635390472413,0.70894,50000,124.4441566071473,,,0,0,3347.9638671875,0.09925546630773871,0.47296888707205653
12,0.09925546630773871,0.8214796465682983,0.71394,50000,124.91573912999593,,,0,0,3347.9638671875,0.09911436253643445,0.4879215769469738
13,0.09911436253643445,0.8116445074844361,0.7175,50000,124.74671948794276,,,0,0,3347.9638671875,0.0989611405310883,0.9350534880068153
14,0.0989611405310883,0.7976725834465027,0.72506,50000,124.56397272017784,,,0,0,3347.9638671875,0.09879583809693739,0.9488506680354476
15,0.09879583809693739,0.7859380090904236,0.72574,50000,124.46658422099426,,,0,0,3347.9638671875,0.09861849601988384,0.48776431614533067
16,0.09861849601988384,0.7878405743408203,0.7251,50000,124.49756217189133,,,0,0,3347.9638671875,0.09842915805643157,0.49168083001859486
17,0.09842915805643157,0.7638328680038452,0.73568,50000,124.4290374389384,,,0,0,3347.9638671875,0.09822787092288993,0.9727949351072311
18,0.09822787092288993,0.7538333420181275,0.7395,50000,124.5540687199682,,,0,0,3347.9638671875,0.09801468428384717,0.9678166459780186
19,0.09801468428384717,0.7448775855064392,0.74314,50000,124.65547762601636,,,0,0,3347.9638671875,0.09778965073991652,0.4839474270120263
20,0.09778965073991652,0.7403608738327027,0.74348,50000,124.47850757604465,,,0,0,3347.9638671875,0.0975528258147577,0.49945705593563616
21,0.0975528258147577,0.7394528611755371,0.74382,50000,124.70313077396713,,,0,0,3347.9638671875,0.09730426794137728,0.4967055900488049
22,0.09730426794137728,0.7364725106239319,0.74462,50000,124.71119481185451,,,0,0,3347.9638671875,0.09704403844771128,0.9751329880673438
23,0.09704403844771128,0.7265829537963867,0.74758,50000,124.702065841062,,,0,0,3347.9638671875,0.09677220154149338,0.9482606090605259
24,0.09677220154149338,0.72448467004776,0.752,50000,124.82144452212378,,,0,0,3347.9638671875,0.09648882429441258,0.5005890540778637
25,0.09648882429441258,0.7183248546981812,0.75124,50000,124.99219320714474,,,0,0,3347.9638671875,0.09619397662556435,0.5019052210263908
26,0.09619397662556435,0.7105059500122071,0.7543,50000,124.97874240507372,,,0,0,3347.9638671875,0.09588773128419906,0.501319405855611
27,0.09588773128419906,0.7069753077697754,0.75388,50000,124.69515348388813,,,0,0,3347.9638671875,0.09557016383177226,0.9818747220560908
28,0.09557016383177226,0.7044158054733276,0.75646,50000,124.89271531905979,,,0,0,3347.9638671875,0.09524135262330098,0.9751711399294436
29,0.09524135262330098,0.7021637557601929,0.75572,50000,124.7215027990751,,,0,0,3347.9638671875,0.09490137878803079,0.4904977248515934
30,0.09490137878803079,0.6968240297698974,0.76024,50000,124.70903196907602,,,0,0,3347.9638671875,0.0945503262094184,0.49089797283522785
31,0.0945503262094184,0.6968664768218994,0.75886,50000,124.80546207190491,,,0,0,3347.9638671875,0.0941882815044347,0.47484289901331067
32,0.0941882815044347,0.685393378944397,0.764,50000,124.648585265968,,,0,0,3347.9638671875,0.09381533400219319,0.9531314910855144
33,0.09381533400219319,0.6871166731834412,0.76366,50000,124.65262766415253,,,0,0,3347.9638671875,0.09343157572190958,0.9668043428100646
34,0.09343157572190958,0.682976551322937,0.7648,50000,124.50978559209034,,,0,0,3347.9638671875,0.0930371013501972,0.4781062360852957
35,0.0930371013501972,0.6837219276618958,0.76318,50000,124.67554961098358,,,0,0,3347.9638671875,0.09263200821770463,0.4948868560604751
36,0.09263200821770463,0.6797461876487731,0.76264,50000,124.73067039600573,,,0,0,3347.9638671875,0.09221639627510078,0.4697395251132548
37,0.09221639627510078,0.6741622290992737,0.76756,50000,125.07787368679419,,,0,0,3347.9638671875,0.09179036806841355,0.9178535891696811
38,0.09179036806841355,0.674297241191864,0.76842,50000,125.01644323393703,,,0,0,3347.9638671875,0.09135402871372812,0.9511955180205405
39,0.09135402871372812,0.6695234198951722,0.76856,50000,124.79680303600617,,,0,0,3347.9638671875,0.0909074858712512,0.4600270329974592
40,0.0909074858712512,0.6689983076667786,0.76892,50000,124.77285863109864,,,0,0,3347.9638671875,0.09045084971874741,0.522831313079223
41,0.09045084971874741,0.6613901206398011,0.77162,50000,124.73969108611345,,,0,0,3347.9638671875,0.08998423292435458,0.9893783219158649
42,0.08998423292435458,0.6615024856567383,0.7718,50000,124.70201525604352,,,0,0,3347.9638671875,0.08950775061878455,0.9366755019873381
43,0.08950775061878455,0.6520521841239929,0.77316,50000,124.6274411319755,,,0,0,3347.9638671875,0.08902152036691653,0.5071585839614272
44,0.08902152036691653,0.6528202611923217,0.77428,50000,124.48396377195604,,,0,0,3347.9638671875,0.08852566213878951,0.4904018610250205
45,0.08852566213878951,0.6573683729362487,0.77212,50000,124.42250965489075,,,0,0,3347.9638671875,0.0880202982800016,0.4802143950946629
46,0.0880202982800016,0.6483785181427002,0.77646,50000,124.4505094201304,,,0,0,3347.9638671875,0.08750555348152303,0.9655037021730095
47,0.08750555348152303,0.6515432811737061,0.77334,50000,124.57497034594417,,,0,0,3347.9638671875,0.08698155474893052,0.9824128758627921
48,0.08698155474893052,0.6515665500450134,0.77484,50000,124.53347672498785,,,0,0,3347.9638671875,0.08644843137107061,0.49922965886071324
49,0.08644843137107061,0.6497719778060913,0.77622,50000,124.39801152818836,,,0,0,3347.9638671875,0.08590631488815947,0.4949903879314661
50,0.08590631488815947,0.6427257975578308,0.77856,50000,124.68557855091058,,,0,0,3347.9638671875,0.0853553390593274,0.4831212570425123
51,0.0853553390593274,0.6397829578399659,0.77798,50000,124.39691639202647,,,0,0,3347.9638671875,0.08479563982961574,1.0116990129463375
52,0.08479563982961574,0.6446629367828369,0.777,50000,124.6131287170574,,,0,0,3347.9638671875,0.08422735529643446,1.043796382844448
53,0.08422735529643446,0.6322383040428161,0.78294,50000,124.41202482301742,,,0,0,3347.9638671875,0.08365062567548869,0.4787311770487577
54,0.08365062567548869,0.6359341757774353,0.7804,50000,124.22781003708951,,,0,0,3347.9638671875,0.08306559326618261,0.4768253068905324
55,0.08306559326618261,0.6362652438354492,0.7794,50000,124.25675629195757,,,0,0,3347.9638671875,0.0824724024165092,0.47387308604083955
56,0.0824724024165092,0.6277301530265809,0.78328,50000,124.17210447695106,,,0,0,3347.9638671875,0.0818711994874345,1.0085183039773256
57,0.0818711994874345,0.6286818863677979,0.7851,50000,124.12425308907405,,,0,0,3347.9638671875,0.08126213281678528,1.0024435359518975
58,0.08126213281678528,0.6188084280204773,0.78576,50000,124.21777383098379,,,0,0,3347.9638671875,0.08064535268264884,0.49074349412694573
59,0.08064535268264884,0.6271657912254334,0.78366,50000,124.18756810599007,,,0,0,3347.9638671875,0.08002101126629421,0.4866993969772011
60,0.08002101126629421,0.6221270744705201,0.784,50000,124.10648983903229,,,0,0,3347.9638671875,0.07938926261462367,0.492081955075264
61,0.07938926261462367,0.6213738183784485,0.78382,50000,124.09220861596987,,,0,0,3347.9638671875,0.07875026260216395,0.9688312180805951
62,0.07875026260216395,0.6111779575538635,0.78952,50000,124.22025072108954,,,0,0,3347.9638671875,0.07810416889260656,1.0055112408008426
63,0.07810416889260656,0.6140861114120484,0.78936,50000,124.19609685009345,,,0,0,3347.9638671875,0.07745114089990661,0.4941304388921708
64,0.07745114089990661,0.6061458048629761,0.79066,50000,124.1559658749029,,,0,0,3347.9638671875,0.07679133974894985,0.5076336900237948
65,0.07679133974894985,0.6032951047706604,0.79158,50000,124.2815516020637,,,0,0,3347.9638671875,0.07612492823579746,0.9627313800156116
66,0.07612492823579746,0.6057613341331481,0.79212,50000,124.22314724815078,,,0,0,3347.9638671875,0.07545207078751859,1.0250480971299112
67,0.07545207078751859,0.600632313041687,0.79066,50000,124.20934159099124,,,0,0,3347.9638671875,0.0747729334216204,0.4866139809601009
68,0.0747729334216204,0.6026444945907593,0.79078,50000,124.24241534993052,,,0,0,3347.9638671875,0.07408768370508578,0.47199290292337537
69,0.07408768370508578,0.598438658542633,0.79174,50000,124.41427752305754,,,0,0,3347.9638671875,0.0733964907130287,0.4754498559050262
70,0.0733964907130287,0.6007649889755249,0.79316,50000,124.57525677699596,,,0,0,3347.9638671875,0.07269952498697736,0.9559045219793916
71,0.07269952498697736,0.597084355506897,0.79346,50000,124.41686463006772,,,0,0,3347.9638671875,0.07199695849279578,0.9930865741334856
72,0.07199695849279578,0.600745686454773,0.79238,50000,124.47767355898395,,,0,0,3347.9638671875,0.07128896457825366,0.4785591629333794
73,0.07128896457825366,0.5875272968959808,0.7987,50000,124.63155885087326,,,0,0,3347.9638671875,0.07057571793025548,0.47866854909807444
74,0.07057571793025548,0.5804415973472595,0.80064,50000,124.55794435902499,,,0,0,3347.9638671875,0.06985739453173906,0.4851785469800234
75,0.06985739453173906,0.5892840618133545,0.79716,50000,124.58074145414867,,,0,0,3347.9638671875,0.06913417161825453,0.9598103701137006
76,0.06913417161825453,0.5800814152526855,0.7988,50000,124.55237860791385,,,0,0,3347.9638671875,0.06840622763423394,1.0013371389359236
77,0.06840622763423394,0.5772755826759338,0.8002,50000,124.48290037107654,,,0,0,3347.9638671875,0.0676737421889629,0.47797156195156276
78,0.0676737421889629,0.5770893102645874,0.8007,50000,124.51710258494131,,,0,0,3347.9638671875,0.06693689601226462,0.4717219031881541
79,0.06693689601226462,0.5803202791976929,0.8003,50000,124.51339871506207,,,0,0,3347.9638671875,0.06619587090990751,0.4741692061070353
80,0.06619587090990751,0.5721986862564087,0.80114,50000,124.62032912787981,,,0,0,3347.9638671875,0.06545084971874741,0.9737993818707764
81,0.06545084971874741,0.5719729369735718,0.80086,50000,124.40893206116743,,,0,0,3347.9638671875,0.06470201626161524,1.0072833970189095
82,0.06470201626161524,0.5673731096649169,0.80374,50000,124.52402355801314,,,0,0,3347.9638671875,0.06394955530196152,0.47455714689567685
83,0.06394955530196152,0.562647691822052,0.80582,50000,124.39844768308103,,,0,0,3347.9638671875,0.06319365249826868,0.4716506199911237
84,0.06319365249826868,0.5616003603172303,0.80492,50000,124.62757539004087,,,0,0,3347.9638671875,0.06243449435824277,0.4807368009351194
85,0.06243449435824277,0.5586635960578918,0.80676,50000,124.552633123938,,,0,0,3347.9638671875,0.06167226819279532,0.9792005810886621
86,0.06167226819279532,0.5583795030021668,0.80628,50000,124.28989990218543,,,0,0,3347.9638671875,0.06090716206982718,1.0026085709687322
87,0.06090716206982718,0.5495712115859985,0.81142,50000,124.41023270389996,,,0,0,3347.9638671875,0.06013936476782568,0.46957095596008
88,0.06013936476782568,0.5497521717071533,0.81058,50000,124.49335188488476,,,0,0,3347.9638671875,0.05936906572928629,0.46909332810901105
89,0.05936906572928629,0.5495399400901795,0.80838,50000,124.47321164910682,,,0,0,3347.9638671875,0.05859645501397052,1.008141189115122
90,0.05859645501397052,0.5407172541618347,0.81364,50000,124.63340102694929,,,0,0,3347.9638671875,0.05782172325201159,0.9963955450803041
91,0.05782172325201159,0.5407293013858795,0.81292,50000,124.53085428988561,,,0,0,3347.9638671875,0.057045061596879186,0.4750176209490746
92,0.057045061596879186,0.5362300292301178,0.8127,50000,124.54459612094797,,,0,0,3347.9638671875,0.056266661678215264,0.4731330210343003
93,0.056266661678215264,0.537511065940857,0.81462,50000,124.60203595180064,,,0,0,3347.9638671875,0.055486715554552306,0.4757204409688711
94,0.055486715554552306,0.5313696613311768,0.81728,50000,124.50478905811906,,,0,0,3347.9638671875,0.05470541566592575,0.9828210801351815
95,0.05470541566592575,0.5326653240776063,0.81664,50000,124.61538762087002,,,0,0,3347.9638671875,0.05392295478639229,0.9830846008844674
96,0.05392295478639229,0.5272420881462098,0.81744,50000,124.72612141212448,,,0,0,3347.9638671875,0.05313952597646571,0.5065768850035965
97,0.05313952597646571,0.5249516632461548,0.81918,50000,124.58892548107542,,,0,0,3347.9638671875,0.05235532253548216,0.4710690011270344
98,0.05235532253548216,0.5254740722846984,0.81884,50000,124.60109026101418,,,0,0,3347.9638671875,0.051570537953906447,0.47185504506342113
99,0.051570537953906447,0.5169433697128296,0.81956,50000,124.42721980600618,,,0,0,3347.9638671875,0.05078536586559106,0.98836853611283
100,0.05078536586559106,0.517506992740631,0.82164,50000,124.66054615098983,,,0,0,3347.9638671875,0.050000000000000024,0.9929992279503495
101,0.050000000000000024,0.5126834532260894,0.8238,50000,124.72747438098304,,,0,0,3347.9638671875,0.049214634134409,0.47888271301053464
102,0.049214634134409,0.5068331550979615,0.82402,50000,124.7550400949549,,,0,0,3347.9638671875,0.04842946204609361,0.4799718139693141
103,0.04842946204609361,0.4995400594711304,0.82686,50000,124.53307779203169,,,0,0,3347.9638671875,0.04764467746451789,0.5042043728753924
104,0.04764467746451789,0.5065173900413513,0.82304,50000,124.23563295300119,,,0,0,3347.9638671875,0.046860474023534354,0.999646611046046
105,0.046860474023534354,0.49915512541770934,0.82798,50000,124.40121049899608,,,0,0,3347.9638671875,0.04607704521360778,0.988756017992273
106,0.04607704521360778,0.5002502495574951,0.82754,50000,124.25003807921894,,,0,0,3347.9638671875,0.04529458433407431,0.49165627383627
107,0.04529458433407431,0.49865609254837034,0.82722,50000,124.25770396599546,,,0,0,3347.9638671875,0.04451328444544776,0.4943141939584166
108,0.04451328444544776,0.4888309957122803,0.83016,50000,124.25631240592338,,,0,0,3347.9638671875,0.04373333832178482,0.5062363960314542
109,0.04373333832178482,0.4913633958530426,0.8304,50000,124.23382254689932,,,0,0,3347.9638671875,0.0429549384031209,0.9943925528787076
110,0.0429549384031209,0.481833812713623,0.8357,50000,124.33691464713775,,,0,0,3347.9638671875,0.042178276747988484,0.9918723350856453
111,0.042178276747988484,0.4732991914176941,0.83744,50000,124.24049922497943,,,0,0,3347.9638671875,0.04140354498602954,0.4944686300586909
112,0.04140354498602954,0.47998619771957396,0.83362,50000,124.40738484496251,,,0,0,3347.9638671875,0.0406309342707138,0.49201261484995484
113,0.0406309342707138,0.4762134243965149,0.83344,50000,124.21988131781109,,,0,0,3347.9638671875,0.03986063523217441,1.0165579381864518
114,0.03986063523217441,0.47417528609275816,0.83434,50000,124.05396475200541,,,0,0,3347.9638671875,0.039092837930172916,1.0216080620884895
115,0.039092837930172916,0.4646044097137451,0.83716,50000,124.05091795697808,,,0,0,3347.9638671875,0.03832773180720475,0.5008861089590937
116,0.03832773180720475,0.46358106409072874,0.83904,50000,124.2905629388988,,,0,0,3347.9638671875,0.037565505641757285,0.49931928305886686
117,0.037565505641757285,0.4611063451385498,0.8411,50000,124.3789417699445,,,0,0,3347.9638671875,0.03680634750173138,0.5034444781485945
118,0.03680634750173138,0.45774702110290527,0.8407,50000,124.18315147701651,,,0,0,3347.9638671875,0.036050444698038565,0.9951837840490043
119,0.036050444698038565,0.44959206855773926,0.84528,50000,124.30029280902818,,,0,0,3347.9638671875,0.03529798373838483,0.9983601369895041
120,0.03529798373838483,0.45071259546279907,0.8446,50000,124.10364804393612,,,0,0,3347.9638671875,0.03454915028125267,0.5073784601408988
121,0.03454915028125267,0.444028314371109,0.84754,50000,124.29274289985187,,,0,0,3347.9638671875,0.03380412909009255,0.5013754200190306
122,0.03380412909009255,0.4406195055770874,0.84776,50000,124.29282268299721,,,0,0,3347.9638671875,0.03306310398773545,0.5086070660036057
123,0.03306310398773545,0.4336036633491516,0.85012,50000,124.14739122288302,,,0,0,3347.9638671875,0.03232625781103717,1.0056375099811703
124,0.03232625781103717,0.43366994972229006,0.84902,50000,124.2571275900118,,,0,0,3347.9638671875,0.03159377236576613,0.9879859599750489
125,0.03159377236576613,0.425868969078064,0.85296,50000,123.97566296090372,,,0,0,3347.9638671875,0.030865828381745543,0.5008235878776759
126,0.030865828381745543,0.4288227351951599,0.84872,50000,124.34486879780889,,,0,0,3347.9638671875,0.03014260546826098,0.5053891530260444
127,0.03014260546826098,0.4203159601020813,0.85444,50000,124.23592004994862,,,0,0,3347.9638671875,0.02942428206974458,0.4978267438709736
128,0.02942428206974458,0.4157375553703308,0.8566,50000,124.17959823110141,,,0,0,3347.9638671875,0.028711035421746387,0.9906532128807157
129,0.028711035421746387,0.41593553916931153,0.85586,50000,124.20129918702878,,,0,0,3347.9638671875,0.02800304150720426,0.9940126799046993
130,0.02800304150720426,0.41076013648986814,0.85748,50000,124.0303811270278,,,0,0,3347.9638671875,0.02730047501302268,0.5040157879702747
131,0.02730047501302268,0.40560734066963194,0.86066,50000,124.36628004792146,,,0,0,3347.9638671875,0.026603509286971357,0.5082281399518251
132,0.026603509286971357,0.40500418884277345,0.85928,50000,124.43523330008611,,,0,0,3347.9638671875,0.025912316294914244,0.49368571396917105
133,0.025912316294914244,0.3988145549297333,0.86298,50000,124.30629440699704,,,0,0,3347.9638671875,0.025227066578379632,0.9807002360466868
134,0.025227066578379632,0.3931095752811432,0.86382,50000,124.26922569796443,,,0,0,3347.9638671875,0.024547929212481445,1.013699745060876
135,0.024547929212481445,0.3873298965740204,0.86684,50000,124.1963799900841,,,0,0,3347.9638671875,0.02387507176420257,0.5029693190008402
136,0.02387507176420257,0.386946133890152,0.86624,50000,124.21755943703465,,,0,0,3347.9638671875,0.023208660251050166,0.5032128209713846
137,0.023208660251050166,0.3762259518623352,0.86908,50000,124.40672977501526,,,0,0,3347.9638671875,0.022548859100093414,1.0156048838980496
138,0.022548859100093414,0.373226796913147,0.87108,50000,124.45043367007747,,,0,0,3347.9638671875,0.021895831107393474,1.0100684091448784
139,0.021895831107393474,0.3699467599582672,0.87316,50000,124.61101708211936,,,0,0,3347.9638671875,0.02124973739783608,0.4988889880478382
140,0.02124973739783608,0.3669196597290039,0.87294,50000,124.4884074870497,,,0,0,3347.9638671875,0.02061073738537636,0.5003082149196416
141,0.02061073738537636,0.3579876393699646,0.87514,50000,124.39379604998976,,,0,0,3347.9638671875,0.019978988733705814,0.4686095679644495
142,0.019978988733705814,0.35864985174179076,0.87624,50000,124.20427886908874,,,0,0,3347.9638671875,0.01935464731735118,1.012553886976093
143,0.01935464731735118,0.35011427229881287,0.87854,50000,124.46594786085188,,,0,0,3347.9638671875,0.018737867183214747,0.9726786890532821
144,0.018737867183214747,0.35260556131362913,0.87976,50000,124.37225609389134,,,0,0,3347.9638671875,0.01812880051256552,0.4965759450569749
145,0.01812880051256552,0.34663715508460996,0.88026,50000,124.55149842705578,,,0,0,3347.9638671875,0.017527597583490827,0.48748091678135097
146,0.017527597583490827,0.34166501485824585,0.88066,50000,124.59205748001114,,,0,0,3347.9638671875,0.01693440673381742,0.4986950010061264
147,0.01693440673381742,0.33827454233169557,0.88378,50000,124.63864577119239,,,0,0,3347.9638671875,0.016349374324511334,1.00682667712681
148,0.016349374324511334,0.33027796882629396,0.88544,50000,124.74816721305251,,,0,0,3347.9638671875,0.01577264470356557,1.0117035231087357
149,0.01577264470356557,0.32294890260696413,0.88862,50000,124.67356610693969,,,0,0,3347.9638671875,0.01520436017038429,0.49254018906503916
150,0.01520436017038429,0.32301484453201296,0.8898,50000,124.70982047193684,,,0,0,3347.9638671875,0.014644660940672632,0.5055222830269486
151,0.014644660940672632,0.3188246958827972,0.89012,50000,124.56745584798045,,,0,0,3347.9638671875,0.01409368511184057,0.49977048905566335
152,0.01409368511184057,0.30968114461898805,0.89334,50000,124.55148175009526,,,0,0,3347.9638671875,0.013551568628929438,1.0199858918786049
153,0.013551568628929438,0.30268962929725646,0.89354,50000,124.63228818401694,,,0,0,3347.9638671875,0.013018445251069516,1.0013874508440495
154,0.013018445251069516,0.3095764233589172,0.89186,50000,124.65748782712035,,,0,0,3347.9638671875,0.012494446518477026,0.4891926720738411
155,0.012494446518477026,0.2985543081760407,0.89682,50000,124.5884044081904,,,0,0,3347.9638671875,0.011979701719998459,0.5139603959396482
156,0.011979701719998459,0.29143095806121827,0.90096,50000,124.62286257999949,,,0,0,3347.9638671875,0.011474337861210548,0.500512066995725
157,0.011474337861210548,0.28411862964630125,0.90228,50000,124.42757851304486,,,0,0,3347.9638671875,0.010978479633083526,0.9757868291344494
158,0.010978479633083526,0.2815423954868317,0.90176,50000,124.53209211281501,,,0,0,3347.9638671875,0.010492249381215483,0.9834612600971013
159,0.010492249381215483,0.2797624350261688,0.9041,50000,124.54513692320324,,,0,0,3347.9638671875,0.010015767075645474,0.4983589989133179
160,0.010015767075645474,0.271205829744339,0.90544,50000,124.28279898804612,,,0,0,3347.9638671875,0.009549150281252637,0.5045003138948232
161,0.009549150281252637,0.2633724249839783,0.90978,50000,124.40277568786405,,,0,0,3347.9638671875,0.00909251412874884,1.002188912127167
162,0.00909251412874884,0.2580686742115021,0.91152,50000,124.41434596898034,,,0,0,3347.9638671875,0.008645971286271918,0.990432667080313
163,0.008645971286271918,0.26345346987724305,0.9083,50000,124.28717649704777,,,0,0,3347.9638671875,0.008209631931586501,0.5121610998176038
164,0.008209631931586501,0.24854898257255553,0.91406,50000,124.35508550307713,,,0,0,3347.9638671875,0.0077836037248992605,0.5026014018803835
165,0.0077836037248992605,0.25369471355438233,0.912,50000,124.32751282304525,,,0,0,3347.9638671875,0.0073679917822954055,0.48976540099829435
166,0.0073679917822954055,0.2420574657678604,0.91696,50000,124.35512973903678,,,0,0,3347.9638671875,0.006962898649802815,0.9915013939607888
167,0.006962898649802815,0.2343532583141327,0.92016,50000,124.1011037460994,,,0,0,3347.9638671875,0.006568424278090438,1.0101478141732514
168,0.006568424278090438,0.22568739409446717,0.92194,50000,124.11832808796316,,,0,0,3347.9638671875,0.006184665997806824,0.5033551310189068
169,0.006184665997806824,0.22258415071487428,0.92354,50000,124.33049300289713,,,0,0,3347.9638671875,0.00581171849556533,0.49353317194618285
170,0.00581171849556533,0.22191695236206055,0.9225,50000,124.50717913615517,,,0,0,3347.9638671875,0.0054496737905816136,0.5150484160985798
171,0.0054496737905816136,0.2085342444086075,0.92896,50000,124.39401847403497,,,0,0,3347.9638671875,0.005098621211969226,1.0153162719216198
172,0.005098621211969226,0.2046565242099762,0.92932,50000,124.33080891007558,,,0,0,3347.9638671875,0.004758647376699035,1.0111604891717434
173,0.004758647376699035,0.20215817546367645,0.92984,50000,124.20536737097427,,,0,0,3347.9638671875,0.00442983616822775,0.5042781080119312
174,0.00442983616822775,0.19667247194766999,0.933,50000,124.50487790303305,,,0,0,3347.9638671875,0.004112268715800957,0.49622825207188725
175,0.004112268715800957,0.19772404640197755,0.93284,50000,124.40798988286406,,,0,0,3347.9638671875,0.003806023374435677,0.4895255668088794
176,0.003806023374435677,0.19143214002132417,0.93416,50000,124.29690363188274,,,0,0,3347.9638671875,0.003511175705587435,0.9947296660393476
177,0.003511175705587435,0.1887819128036499,0.9352,50000,124.22684566210955,,,0,0,3347.9638671875,0.0032277984585066333,1.0036042919382453
178,0.0032277984585066333,0.1795201899576187,0.9371,50000,124.10551564604975,,,0,0,3347.9638671875,0.002955961552288729,0.5025350789073855
179,0.002955961552288729,0.1772168465089798,0.93726,50000,124.23097408399917,,,0,0,3347.9638671875,0.0026957320586227366,0.5161197339184582
180,0.0026957320586227366,0.1692037585735321,0.9429,50000,124.17355017294176,,,0,0,3347.9638671875,0.002447174185242325,0.4978189740795642
181,0.002447174185242325,0.1689576739168167,0.94148,50000,124.34268714580685,,,0,0,3347.9638671875,0.0022103492600834954,0.9736787551082671
182,0.0022103492600834954,0.16180723715782167,0.94492,50000,124.31204460188746,,,0,0,3347.9638671875,0.0019853157161528537,0.9950746539980173
183,0.0019853157161528537,0.15935255530357362,0.9453,50000,124.23797517595813,,,0,0,3347.9638671875,0.001772129077110103,0.4988402579911053
184,0.001772129077110103,0.1601742199897766,0.94538,50000,124.1900909410324,,,0,0,3347.9638671875,0.0015708419435684529,0.5052599890623242
185,0.0015708419435684529,0.15580289615631104,0.94704,50000,124.16388564789668,,,0,0,3347.9638671875,0.0013815039801161732,0.9844953289721161
186,0.0013815039801161732,0.14839786781311035,0.94946,50000,124.18827417702414,,,0,0,3347.9638671875,0.0012041619030626347,0.9859094938728958
187,0.0012041619030626347,0.14813165906906128,0.95004,50000,124.45805050898343,,,0,0,3347.9638671875,0.0010388594689117077,0.4993663050699979
188,0.0010388594689117077,0.14335078212976457,0.95182,50000,124.44211036898196,,,0,0,3347.9638671875,0.0008856374635655645,0.5119709011632949
189,0.0008856374635655645,0.14461717475414276,0.95144,50000,124.41479760385118,,,0,0,3347.9638671875,0.000744533692261307,0.49933341797441244
190,0.000744533692261307,0.1395234787416458,0.95266,50000,124.43955125380307,,,0,0,3347.9638671875,0.0006155829702431174,0.9817446388769895
191,0.0006155829702431174,0.13887372267723083,0.95312,50000,124.4120113691315,,,0,0,3347.9638671875,0.0004988171141721235,1.0114629820454866
192,0.0004988171141721235,0.13932383714675903,0.95262,50000,124.34753982303664,,,0,0,3347.9638671875,0.00039426493427611206,0.4968268550001085
193,0.00039426493427611206,0.13721632475733758,0.95376,50000,124.50870775291696,,,0,0,3347.9638671875,0.00030195222724102046,0.5057073719799519
194,0.00030195222724102046,0.1347991567516327,0.95438,50000,124.63799920585006,,,0,0,3347.9638671875,0.00022190176984600036,0.5009498440194875
195,0.00022190176984600036,0.1320976692867279,0.95534,50000,124.53666080115363,,,0,0,3347.9638671875,0.00015413331334360192,0.9868590219411999
196,0.00015413331334360192,0.1353241212797165,0.95382,50000,124.42822686908767,,,0,0,3347.9638671875,9.866357858642213e-05,1.000991981010884
